{
   "light-handler" : {
      "attenuation-factor" : 1.070000052452087,
      "constant" : 1,
      "direction-x" : 0,
      "direction-y" : 0,
      "direction-z" : 0,
      "linear" : 0,
      "position-x" : 0.7200000286102295,
      "position-y" : -0.5699999928474426,
      "position-z" : 0,
      "quadratic" : 0,
      "room-directional-light" : {
         "ambient-color" : [ 0, 0, 0 ],
         "bias" : 0.00800000037997961,
         "diffuse-color" : [ 9, 9, 9 ],
         "direction-x" : -0.2800000011920929,
         "direction-y" : -0.07999999821186066,
         "direction-z" : -0.3100000023841858,
         "light-cam-far-clip" : 2041.93994140625,
         "light-cam-near-clip" : 12.30000019073486,
         "shadow-intensity" : 0.8299999833106995,
         "shadow-pos-x" : -99,
         "shadow-pos-y" : 0,
         "shadow-pos-z" : 75,
         "specular" : 0
      },
      "room-point-light" : {
         "ambient-color" : [ 0, 0, 0 ],
         "attenuation-factor" : 7.949999809265137,
         "bias" : 0.008999999612569809,
         "cast-shadow" : true,
         "constant" : 0.3100000023841858,
         "diffuse-color" : [ 157, 0, 130 ],
         "draw" : false,
         "light-cam-far-clip" : 1414.109985351562,
         "light-cam-near-clip" : 0.1599999964237213,
         "linear" : -0.3100000023841858,
         "look-at-x" : 6.559999942779541,
         "look-at-y" : -95.08000183105469,
         "look-at-z" : -127.870002746582,
         "position-x" : 0.2000000029802322,
         "position-y" : 0.07999999821186066,
         "position-z" : 0.9300000071525574,
         "quadratic" : -0.3100000023841858,
         "shadow-intensity" : 0.3700000047683716,
         "specular" : 0.2800000011920929
      },
      "room-point-light-2" : {
         "ambient-color" : [ 0, 0, 0 ],
         "attenuation-factor" : 9.020000457763672,
         "bias" : 0.001000000047497451,
         "cast-shadow" : false,
         "constant" : 1,
         "diffuse-color" : [ 202, 192, 0 ],
         "draw" : false,
         "light-cam-far-clip" : 10,
         "light-cam-near-clip" : 0,
         "linear" : 0.07999999821186066,
         "look-at-x" : 0,
         "look-at-y" : 0,
         "look-at-z" : 0,
         "position-x" : -0.300000011920929,
         "position-y" : 0.07000000029802322,
         "position-z" : 0.7400000095367432,
         "quadratic" : 0,
         "shadow-intensity" : 0,
         "specular" : 0.699999988079071
      },
      "specular" : 0
   },
   "room" : {
      "light-movement-factor" : 1.5,
      "material-shininess" : 3.75,
      "room-depth" : 50,
      "room-height" : 50,
      "room-material" : {
         "diffuse-color" : [ 227, 234, 229 ],
         "material-shininess" : 8,
         "specular" : 0
      },
      "room-size" : {
         "light-movement-factor" : 2.420000076293945,
         "room-depth" : 201.6399993896484,
         "room-height" : 181.9700012207031,
         "room-width" : 600
      },
      "room-walls" : {
         "show-back" : true,
         "show-bottom" : true,
         "show-left" : true,
         "show-right" : true,
         "show-top" : false
      },
      "room-width" : 200,
      "specular" : 0.5
   },
   "scene" : {
      "camera-far" : 84427.7890625,
      "camera-near" : 0.8199999928474426,
      "camera-pos-x" : -8.547192573547363,
      "camera-pos-y" : 38.84402084350586,
      "camera-pos-z" : 493.1341857910156,
      "camera-speed" : 4.099999904632568,
      "time-speed" : 9.100000381469727
   },
   "test-mesh" : {
      "box-depth" : 9.840000152587891,
      "box-height" : 122.9499969482422,
      "box-subdivision" : 21.28000068664551,
      "box-width" : 4.920000076293945,
      "material" : {
         "diffuse-color" : [ 215, 203, 200 ],
         "material-shininess" : 2.890000104904175,
         "specular" : 0.5
      },
      "material-shininess" : 1,
      "pos-x" : 0,
      "pos-y" : 0,
      "pos-z" : 0,
      "position" : {
         "pos-x" : 0,
         "pos-y" : 0,
         "pos-z" : -29.51000022888184
      },
      "rotation" : {
         "rotation-x" : 0,
         "rotation-y" : 0,
         "rotation-z" : -90
      },
      "rotation-x" : 0,
      "rotation-y" : 0,
      "rotation-z" : 88.51999664306641,
      "size" : {
         "box-depth" : 9.840000152587891,
         "box-height" : 122.9499969482422,
         "box-subdivision" : 21.28000068664551,
         "box-width" : 5.739999771118164
      },
      "specular" : 0.5,
      "twist" : {
         "twist-rotation" : 174.1000061035156
      },
      "twist-rotation" : 0
   },
   "test-mesh-1" : {
      "enabled" : true,
      "material" : {
         "diffuse-color" : [ 234, 233, 233 ],
         "material-shininess" : 2.380000114440918,
         "specular" : 0.300000011920929
      },
      "position" : {
         "pos-x" : -88.51999664306641,
         "pos-y" : -29.51000022888184,
         "pos-z" : -88.51999664306641
      },
      "rotation" : {
         "rotation-x" : 0,
         "rotation-y" : 0,
         "rotation-z" : 0
      },
      "size" : {
         "box-depth" : 40.97999954223633,
         "box-height" : 163.9299926757812,
         "box-subdivision" : 93.56999969482422,
         "box-width" : 31.14999961853027
      },
      "twist" : {
         "do-twist" : true,
         "twist-rotation" : 298.0299987792969
      }
   },
   "test-model" : {
      "enabled" : true,
      "material" : {
         "diffuse-color" : [ 199, 184, 178 ],
         "material-shininess" : 4.329999923706055,
         "specular" : 0.9900000095367432
      },
      "model-original-scale" : 200,
      "position" : {
         "pos-x" : 29.51000022888184,
         "pos-y" : -78.69000244140625,
         "pos-z" : -88.51999664306641
      },
      "rotation" : {
         "rotation-x" : -90,
         "rotation-y" : 0,
         "rotation-z" : -348.2000122070312
      },
      "twist" : {
         "do-twist" : false,
         "twist-rotation" : 360
      }
   }
}

