{
   "camera" : {
      "far" : 51644.1796875,
      "near" : 0.5699999928474426,
      "position" : {
         "x" : 0.3633508086204529,
         "y" : 1.563732028007507,
         "z" : 5.817518711090088
      },
      "speed" : 4.920000076293945
   },
   "lights" : {
      "room-directional-light" : {
         "ambient" : [ 0, 0, 0 ],
         "diffuse" : [ 0, 0, 0 ],
         "direction" : {
            "x" : 0,
            "y" : 0,
            "z" : 0
         },
         "specular" : 0
      },
      "room-point-light" : {
         "ambient" : [ 0, 0, 0 ],
         "attenuation-factor" : 3.609999895095825,
         "constant" : 1,
         "diffuse" : [ 94, 0, 226 ],
         "linear" : 0.1700000017881393,
         "position" : {
            "x" : -0.1299999952316284,
            "y" : 0.2599999904632568,
            "z" : 0.4900000095367432
         },
         "quadratic" : -0.1800000071525574,
         "specular" : 0.1899999976158142
      },
      "room-point-light-2" : {
         "ambient" : [ 0, 0, 0 ],
         "attenuation-factor" : 8.689999580383301,
         "constant" : 0.8399999737739563,
         "diffuse" : [ 247, 133, 0 ],
         "linear" : 0.7400000095367432,
         "position" : {
            "x" : 0.2599999904632568,
            "y" : 1,
            "z" : -0.01999999955296516
         },
         "quadratic" : -0.02999999932944775,
         "specular" : 0.300000011920929
      }
   },
   "mesh" : {
      "Teste mesh 1" : {
         "material" : {
            "diffuse-color" : [ 100, 84, 77 ],
            "shininess" : 2.089999914169312,
            "specular" : 1
         },
         "position" : {
            "x" : 0,
            "y" : 0,
            "z" : -118.0299987792969
         },
         "rotation" : {
            "x" : 0,
            "y" : 0,
            "z" : -94.43000030517578
         },
         "size" : {
            "depth" : 24.59000015258789,
            "height" : 327.8699951171875,
            "subdivision" : 100,
            "width" : 18.85000038146973
         },
         "twist" : {
            "rotation" : 315.739990234375
         }
      }
   },
   "room" : {
      "light-movement-factor" : 2,
      "material" : {
         "diffuse-color" : [ 225, 201, 193 ],
         "shininess" : 4.610000133514404,
         "specular" : 0.09000000357627869
      },
      "size" : {
         "x" : 200,
         "y" : 75.41000366210938,
         "z" : 121.3099975585938
      },
      "walls" : {
         "back" : {
            "show" : false
         },
         "bottom" : {
            "show" : false
         },
         "left" : {
            "show" : false
         },
         "right" : {
            "show" : false
         },
         "top" : {
            "show" : false
         }
      }
   },
   "time" : {
      "speed" : 1.149999976158142
   }
}

