{
   "light-handler" : {
      "attenuation-factor" : 1.070000052452087,
      "constant" : 1,
      "direction-x" : 0,
      "direction-y" : 0,
      "direction-z" : 0,
      "linear" : 0,
      "position-x" : 0.7200000286102295,
      "position-y" : -0.5699999928474426,
      "position-z" : 0,
      "quadratic" : 0,
      "room-directional-light" : {
         "ambient-color" : [ 1, 1, 1 ],
         "diffuse-color" : [ 0, 0, 0 ],
         "direction-x" : 0,
         "direction-y" : 0,
         "direction-z" : 0,
         "specular" : 0
      },
      "room-point-light" : {
         "ambient-color" : [ 0, 0, 0 ],
         "attenuation-factor" : 0.4099999964237213,
         "constant" : 1,
         "diffuse-color" : [ 225, 0, 84 ],
         "draw" : false,
         "linear" : 0,
         "position-x" : -0.2599999904632568,
         "position-y" : -0.1000000014901161,
         "position-z" : 0.2000000029802322,
         "quadratic" : 0,
         "specular" : 0
      },
      "room-point-light-2" : {
         "ambient-color" : [ 0, 0, 0 ],
         "attenuation-factor" : 0.4900000095367432,
         "constant" : 1,
         "diffuse-color" : [ 28, 102, 176 ],
         "draw" : false,
         "linear" : 0,
         "position-x" : -0.1099999994039536,
         "position-y" : -0.07000000029802322,
         "position-z" : 0.5899999737739563,
         "quadratic" : 0,
         "specular" : 0.6800000071525574
      },
      "specular" : 0
   },
   "room" : {
      "light-movement-factor" : 1.5,
      "material-shininess" : 3.75,
      "room-depth" : 50,
      "room-height" : 50,
      "room-material" : {
         "diffuse-color" : [ 253, 248, 246 ],
         "material-shininess" : 8,
         "specular" : 0
      },
      "room-size" : {
         "light-movement-factor" : 1.029999971389771,
         "room-depth" : 90.16000366210938,
         "room-height" : 50,
         "room-width" : 193.4400024414062
      },
      "room-walls" : {
         "show-back" : true,
         "show-bottom" : true,
         "show-left" : true,
         "show-right" : true,
         "show-top" : true
      },
      "room-width" : 200,
      "specular" : 0.5
   },
   "scene" : {
      "camera-far" : 82788.609375,
      "camera-near" : 0.7400000095367432,
      "camera-pos-x" : -11.26265335083008,
      "camera-pos-y" : -0.8857749104499817,
      "camera-pos-z" : 74.64063262939453,
      "camera-speed" : 2.460000038146973,
      "time-speed" : 7.300000190734863
   },
   "test-mesh" : {
      "box-depth" : 9.840000152587891,
      "box-height" : 122.9499969482422,
      "box-subdivision" : 21.28000068664551,
      "box-width" : 4.920000076293945,
      "material" : {
         "diffuse-color" : [ 215, 203, 200 ],
         "material-shininess" : 2.890000104904175,
         "specular" : 0.5
      },
      "material-shininess" : 1,
      "pos-x" : 0,
      "pos-y" : 0,
      "pos-z" : 0,
      "position" : {
         "pos-x" : 0,
         "pos-y" : 0,
         "pos-z" : -29.51000022888184
      },
      "rotation" : {
         "rotation-x" : 0,
         "rotation-y" : 0,
         "rotation-z" : -90
      },
      "rotation-x" : 0,
      "rotation-y" : 0,
      "rotation-z" : 88.51999664306641,
      "size" : {
         "box-depth" : 9.840000152587891,
         "box-height" : 122.9499969482422,
         "box-subdivision" : 21.28000068664551,
         "box-width" : 5.739999771118164
      },
      "specular" : 0.5,
      "twist" : {
         "twist-rotation" : 174.1000061035156
      },
      "twist-rotation" : 0
   },
   "test-mesh-1" : {
      "enabled" : false,
      "material" : {
         "diffuse-color" : [ 234, 233, 233 ],
         "material-shininess" : 1.460000038146973,
         "specular" : 0
      },
      "position" : {
         "pos-x" : 0,
         "pos-y" : -9.840000152587891,
         "pos-z" : -49.18000030517578
      },
      "rotation" : {
         "rotation-x" : 0,
         "rotation-y" : 0,
         "rotation-z" : -90
      },
      "size" : {
         "box-depth" : 34.43000030517578,
         "box-height" : 81.97000122070312,
         "box-subdivision" : 100,
         "box-width" : 4.099999904632568
      },
      "twist" : {
         "do-twist" : true,
         "twist-rotation" : 32.45999908447266
      }
   },
   "test-model" : {
      "enabled" : true,
      "material" : {
         "diffuse-color" : [ 199, 184, 178 ],
         "material-shininess" : 4.329999923706055,
         "specular" : 0.9900000095367432
      },
      "model-original-scale" : 77.05000305175781,
      "position" : {
         "pos-x" : -9.840000152587891,
         "pos-y" : -15,
         "pos-z" : -39.34000015258789
      },
      "rotation" : {
         "rotation-x" : -90,
         "rotation-y" : 0,
         "rotation-z" : 76.72000122070312
      },
      "twist" : {
         "do-twist" : false,
         "twist-rotation" : 182.9499969482422
      }
   }
}

