{
   "light-handler" : {
      "attenuation-factor" : 1.070000052452087,
      "constant" : 1,
      "direction-x" : 0,
      "direction-y" : 0,
      "direction-z" : 0,
      "linear" : 0,
      "position-x" : 0.7200000286102295,
      "position-y" : -0.5699999928474426,
      "position-z" : 0,
      "quadratic" : 0,
      "room-directional-light" : {
         "ambient-color" : [ 0, 0, 0 ],
         "diffuse-color" : [ 0, 0, 0 ],
         "direction-x" : 0,
         "direction-y" : 0,
         "direction-z" : -0.07999999821186066,
         "specular" : 0
      },
      "room-point-light" : {
         "ambient-color" : [ 0, 0, 0 ],
         "attenuation-factor" : 2.210000038146973,
         "bias" : 0.002000000094994903,
         "cast-shadow" : true,
         "constant" : 0.3100000023841858,
         "diffuse-color" : [ 157, 0, 130 ],
         "draw" : false,
         "light-cam-far-clip" : 18040.98046875,
         "light-cam-near-clip" : 4.340000152587891,
         "linear" : -0.3100000023841858,
         "look-at-x" : -19.67000007629395,
         "look-at-y" : -45.90000152587891,
         "look-at-z" : -19.67000007629395,
         "position-x" : 0.1299999952316284,
         "position-y" : 0.02999999932944775,
         "position-z" : 1.570000052452087,
         "quadratic" : -0.3100000023841858,
         "shadow-intensity" : 0.3700000047683716,
         "specular" : 0.300000011920929
      },
      "room-point-light-2" : {
         "ambient-color" : [ 0, 0, 0 ],
         "attenuation-factor" : 0.7400000095367432,
         "bias" : 0.001000000047497451,
         "cast-shadow" : false,
         "constant" : 1,
         "diffuse-color" : [ 202, 192, 0 ],
         "draw" : false,
         "light-cam-far-clip" : 10,
         "light-cam-near-clip" : 0,
         "linear" : 0.07999999821186066,
         "look-at-x" : 0,
         "look-at-y" : 0,
         "look-at-z" : 0,
         "position-x" : 0,
         "position-y" : -0.01999999955296516,
         "position-z" : 0.8399999737739563,
         "quadratic" : 0,
         "shadow-intensity" : 0,
         "specular" : 0.7200000286102295
      },
      "specular" : 0
   },
   "room" : {
      "light-movement-factor" : 1.5,
      "material-shininess" : 3.75,
      "room-depth" : 50,
      "room-height" : 50,
      "room-material" : {
         "diffuse-color" : [ 227, 234, 229 ],
         "material-shininess" : 8,
         "specular" : 0
      },
      "room-size" : {
         "light-movement-factor" : 2.420000076293945,
         "room-depth" : 80.33000183105469,
         "room-height" : 50,
         "room-width" : 193.4400024414062
      },
      "room-walls" : {
         "show-back" : true,
         "show-bottom" : true,
         "show-left" : true,
         "show-right" : true,
         "show-top" : true
      },
      "room-width" : 200,
      "specular" : 0.5
   },
   "scene" : {
      "camera-far" : 84427.7890625,
      "camera-near" : 0.8199999928474426,
      "camera-pos-x" : 3.269937992095947,
      "camera-pos-y" : 6.544636726379395,
      "camera-pos-z" : 77.9189453125,
      "camera-speed" : 4.099999904632568,
      "time-speed" : 9.100000381469727
   },
   "test-mesh" : {
      "box-depth" : 9.840000152587891,
      "box-height" : 122.9499969482422,
      "box-subdivision" : 21.28000068664551,
      "box-width" : 4.920000076293945,
      "material" : {
         "diffuse-color" : [ 215, 203, 200 ],
         "material-shininess" : 2.890000104904175,
         "specular" : 0.5
      },
      "material-shininess" : 1,
      "pos-x" : 0,
      "pos-y" : 0,
      "pos-z" : 0,
      "position" : {
         "pos-x" : 0,
         "pos-y" : 0,
         "pos-z" : -29.51000022888184
      },
      "rotation" : {
         "rotation-x" : 0,
         "rotation-y" : 0,
         "rotation-z" : -90
      },
      "rotation-x" : 0,
      "rotation-y" : 0,
      "rotation-z" : 88.51999664306641,
      "size" : {
         "box-depth" : 9.840000152587891,
         "box-height" : 122.9499969482422,
         "box-subdivision" : 21.28000068664551,
         "box-width" : 5.739999771118164
      },
      "specular" : 0.5,
      "twist" : {
         "twist-rotation" : 174.1000061035156
      },
      "twist-rotation" : 0
   },
   "test-mesh-1" : {
      "enabled" : true,
      "material" : {
         "diffuse-color" : [ 234, 233, 233 ],
         "material-shininess" : 2.380000114440918,
         "specular" : 0.300000011920929
      },
      "position" : {
         "pos-x" : -39.34000015258789,
         "pos-y" : -12,
         "pos-z" : -19.67000007629395
      },
      "rotation" : {
         "rotation-x" : 0,
         "rotation-y" : 0,
         "rotation-z" : 0
      },
      "size" : {
         "box-depth" : 10,
         "box-height" : 40,
         "box-subdivision" : 10,
         "box-width" : 10
      },
      "twist" : {
         "do-twist" : true,
         "twist-rotation" : 298.0299987792969
      }
   },
   "test-model" : {
      "enabled" : true,
      "material" : {
         "diffuse-color" : [ 199, 184, 178 ],
         "material-shininess" : 4.329999923706055,
         "specular" : 0.9900000095367432
      },
      "model-original-scale" : 83.61000061035156,
      "position" : {
         "pos-x" : 0,
         "pos-y" : -9.840000152587891,
         "pos-z" : -39.34000015258789
      },
      "rotation" : {
         "rotation-x" : -90,
         "rotation-y" : 0,
         "rotation-z" : -348.2000122070312
      },
      "twist" : {
         "do-twist" : false,
         "twist-rotation" : 259.6700134277344
      }
   }
}

