{
   "camera" : {
      "far" : 51644.1796875,
      "near" : 0.5699999928474426,
      "position" : {
         "x" : -0.2650155425071716,
         "y" : 0,
         "z" : 96.92684173583984
      },
      "speed" : 0.2000000029802322
   },
   "lights" : {
      "room-directional-light" : {
         "ambient" : [ 16, 16, 16 ],
         "diffuse" : [ 0, 0, 0 ],
         "direction" : {
            "x" : 0,
            "y" : 0,
            "z" : 0
         },
         "specular" : 0
      },
      "room-point-light" : {
         "ambient" : [ 0, 0, 0 ],
         "attenuation-factor" : 2.130000114440918,
         "constant" : 1,
         "diffuse" : [ 208, 65, 0 ],
         "linear" : 0.1700000017881393,
         "position" : {
            "x" : -0.1599999964237213,
            "y" : 0.2300000041723251,
            "z" : 0.5600000023841858
         },
         "quadratic" : -0.1800000071525574,
         "specular" : 0.9300000071525574
      },
      "room-point-light-2" : {
         "ambient" : [ 0, 0, 0 ],
         "attenuation-factor" : 1.309999942779541,
         "constant" : 0.800000011920929,
         "diffuse" : [ 234, 116, 1 ],
         "linear" : 1,
         "position" : {
            "x" : 0.2099999934434891,
            "y" : 0.1800000071525574,
            "z" : 0.5899999737739563
         },
         "quadratic" : 0.3100000023841858,
         "specular" : 0.6200000047683716
      }
   },
   "room" : {
      "light-movement-factor" : 2,
      "material" : {
         "diffuse-color" : [ 241, 238, 237 ],
         "shininess" : 1,
         "specular" : 0.05999999865889549
      },
      "size" : {
         "x" : 200,
         "y" : 67.20999908447266,
         "z" : 121.3099975585938
      },
      "walls" : {
         "back" : {
            "show" : true
         },
         "bottom" : {
            "show" : true
         },
         "left" : {
            "show" : true
         },
         "right" : {
            "show" : true
         },
         "top" : {
            "show" : false
         }
      }
   },
   "time" : {
      "speed" : 5.820000171661377
   }
}

