{
   "light-handler" : {
      "attenuation-factor" : 1.070000052452087,
      "constant" : 1,
      "direction-x" : 0,
      "direction-y" : 0,
      "direction-z" : 0,
      "linear" : 0,
      "position-x" : 0.7200000286102295,
      "position-y" : -0.5699999928474426,
      "position-z" : 0,
      "quadratic" : 0,
      "room-directional-light" : {
         "ambient-color" : [ 1, 1, 1 ],
         "diffuse-color" : [ 0, 0, 0 ],
         "direction-x" : 0,
         "direction-y" : 0,
         "direction-z" : 0,
         "specular" : 0
      },
      "room-point-light" : {
         "ambient-color" : [ 0, 0, 0 ],
         "attenuation-factor" : 0.1599999964237213,
         "bias" : 0.009999999776482582,
         "cast-shadow" : true,
         "constant" : 0.239999994635582,
         "diffuse-color" : [ 53, 134, 198 ],
         "draw" : false,
         "light-cam-far-clip" : 92623.6875,
         "light-cam-near-clip" : 8.770000457763672,
         "linear" : 0,
         "look-at-x" : -9.840000152587891,
         "look-at-y" : -19.67000007629395,
         "look-at-z" : -95.08000183105469,
         "position-x" : -0.1299999952316284,
         "position-y" : -0.1099999994039536,
         "position-z" : 1,
         "quadratic" : -0.3100000023841858,
         "shadow-intensity" : 0.5099999904632568,
         "specular" : 0
      },
      "room-point-light-2" : {
         "ambient-color" : [ 0, 0, 0 ],
         "attenuation-factor" : 0.4099999964237213,
         "bias" : 0,
         "cast-shadow" : false,
         "constant" : 1,
         "diffuse-color" : [ 28, 102, 176 ],
         "draw" : false,
         "light-cam-far-clip" : 10,
         "light-cam-near-clip" : 0,
         "linear" : 0.07999999821186066,
         "look-at-x" : 0,
         "look-at-y" : 0,
         "look-at-z" : 0,
         "position-x" : 0.02999999932944775,
         "position-y" : -0.05000000074505806,
         "position-z" : 0.7699999809265137,
         "quadratic" : 0,
         "shadow-intensity" : 0,
         "specular" : 1
      },
      "specular" : 0
   },
   "room" : {
      "light-movement-factor" : 1.5,
      "material-shininess" : 3.75,
      "room-depth" : 50,
      "room-height" : 50,
      "room-material" : {
         "diffuse-color" : [ 227, 234, 229 ],
         "material-shininess" : 8,
         "specular" : 0
      },
      "room-size" : {
         "light-movement-factor" : 2,
         "room-depth" : 90.16000366210938,
         "room-height" : 50,
         "room-width" : 193.4400024414062
      },
      "room-walls" : {
         "show-back" : true,
         "show-bottom" : true,
         "show-left" : true,
         "show-right" : true,
         "show-top" : true
      },
      "room-width" : 200,
      "specular" : 0.5
   },
   "scene" : {
      "camera-far" : 84427.7890625,
      "camera-near" : 0.8199999928474426,
      "camera-pos-x" : 0,
      "camera-pos-y" : 0,
      "camera-pos-z" : 39.57729339599609,
      "camera-speed" : 2.460000038146973,
      "time-speed" : 4.670000076293945
   },
   "test-mesh" : {
      "box-depth" : 9.840000152587891,
      "box-height" : 122.9499969482422,
      "box-subdivision" : 21.28000068664551,
      "box-width" : 4.920000076293945,
      "material" : {
         "diffuse-color" : [ 215, 203, 200 ],
         "material-shininess" : 2.890000104904175,
         "specular" : 0.5
      },
      "material-shininess" : 1,
      "pos-x" : 0,
      "pos-y" : 0,
      "pos-z" : 0,
      "position" : {
         "pos-x" : 0,
         "pos-y" : 0,
         "pos-z" : -29.51000022888184
      },
      "rotation" : {
         "rotation-x" : 0,
         "rotation-y" : 0,
         "rotation-z" : -90
      },
      "rotation-x" : 0,
      "rotation-y" : 0,
      "rotation-z" : 88.51999664306641,
      "size" : {
         "box-depth" : 9.840000152587891,
         "box-height" : 122.9499969482422,
         "box-subdivision" : 21.28000068664551,
         "box-width" : 5.739999771118164
      },
      "specular" : 0.5,
      "twist" : {
         "twist-rotation" : 174.1000061035156
      },
      "twist-rotation" : 0
   },
   "test-mesh-1" : {
      "enabled" : true,
      "material" : {
         "diffuse-color" : [ 234, 233, 233 ],
         "material-shininess" : 1.460000038146973,
         "specular" : 0
      },
      "position" : {
         "pos-x" : 0,
         "pos-y" : -19.67000007629395,
         "pos-z" : -29.51000022888184
      },
      "rotation" : {
         "rotation-x" : 0,
         "rotation-y" : 0,
         "rotation-z" : 0
      },
      "size" : {
         "box-depth" : 7.380000114440918,
         "box-height" : 40,
         "box-subdivision" : 100,
         "box-width" : 4.099999904632568
      },
      "twist" : {
         "do-twist" : true,
         "twist-rotation" : 360
      }
   },
   "test-model" : {
      "enabled" : true,
      "material" : {
         "diffuse-color" : [ 199, 184, 178 ],
         "material-shininess" : 4.329999923706055,
         "specular" : 0.9900000095367432
      },
      "model-original-scale" : 77.05000305175781,
      "position" : {
         "pos-x" : -29.51000022888184,
         "pos-y" : -15,
         "pos-z" : -39.34000015258789
      },
      "rotation" : {
         "rotation-x" : -90,
         "rotation-y" : 0,
         "rotation-z" : 82.62000274658203
      },
      "twist" : {
         "do-twist" : false,
         "twist-rotation" : 259.6700134277344
      }
   }
}

